"set","weight","height"
"input2.csv",99.7177015710622,197.391011798754
