"set","weight","height"
"input3.csv",97.1124107204378,199.291888906155
