"set","weight","height"
"input1.csv",99.7646639309824,199.031132040545
